n,angular_velocity,amplitude,phase
0,0,0.0757284,0
1,0.0628319,0.144884,1.59321
2,0.125664,0.108305,1.87158
3,0.188496,0.212413,-0.103509
4,0.251327,0.126538,0.654266
5,0.314159,0.139431,1.70223
6,0.376991,0.277419,-1.61794
7,0.439823,0.293145,-2.68732
8,0.502655,0.296319,2.18297
9,0.565487,0.312416,-2.44015
