n,angular_velocity,amplitude,phase
0,0,0.55948,0
1,0.0628319,1.12683,-0.025872
2,0.125664,1.15052,-0.0510167
3,0.188496,1.19146,-0.0746917
4,0.251327,1.25187,-0.0962507
