n,angular_velocity,amplitude,phase
0,0,0.00438823,3.14159
1,0.0628319,0.0721384,-2.50244
2,0.125664,0.0513939,-1.24042
3,0.188496,0.0947343,-1.60928
4,0.251327,0.0729988,-0.719598
5,0.314159,0.0980712,-1.15009
6,0.376991,0.0509761,-0.472337
7,0.439823,0.0872445,-1.20022
8,0.502655,0.0443381,-1.7432
9,0.565487,0.126583,-1.50916
