n,angular_velocity,amplitude,phase
0,-7.80764,1.00275,5.20474
1,-7.60304,1.63436,6.56341
2,-7.25309,0.765446,1.06644
3,7.09182,1.23555,3.53291
4,8.77362,2.12821,8.20032
5,-6.79821,1.40207,8.33165
6,2.04987,1.68381,4.17013
7,-1.05992,2.2327,1.97108
8,1.22456,3.96203,3.09273
9,2.19979,1.65418,6.46076
