n,angular_velocity,amplitude,phase
0,4.79468,1.76608,0.438077
1,8.68547,2.10063,3.88605
2,3.72854,2.90963,5.98241
3,7.04647,2.3979,3.38972
4,-1.6859,2.54995,4.70312
5,-1.51465,3.63262,5.63433
6,8.9722,1.37756,6.6933
7,7.02669,0.0603415,8.95782
8,7.98622,3.36667,4.62822
9,-4.87199,3.82187,7.2174
