n,angular_velocity,amplitude,phase
0,3.84289,6.52222,2.74088
1,5.19633,17.1614,2.2836
2,-2.04478,15.0091,2.46598
3,3.15318,12.8837,2.8661
4,-0.919014,18.8939,2.06008
