n,angular_velocity,amplitude,phase
0,0,0.0995659,0
1,0.0628319,0.103654,-1.60683
2,0.125664,0.164189,1.54194
3,0.188496,0.154977,-1.72974
4,0.251327,0.414848,-0.978863
5,0.314159,0.19424,-2.84525
6,0.376991,0.114748,-2.40672
7,0.439823,0.267856,-2.55918
8,0.502655,0.23054,2.9575
9,0.565487,0.0594139,-1.56032
