n,angular_velocity,amplitude,phase
0,0,0.046104,3.14159
1,0.0628319,0.0931174,-3.12795
2,0.125664,0.0958981,-3.11338
3,0.188496,0.100742,-3.09696
4,0.251327,0.108011,-3.07769
5,0.314159,0.118261,-3.05492
6,0.376991,0.132449,-3.02806
7,0.439823,0.152076,-2.99644
8,0.502655,0.179717,-2.95961
9,0.565487,0.220002,-2.91695
