n,angular_velocity,amplitude,phase
0,0,0.103666,0
1,0.0628319,0.243886,-0.040409
2,0.125664,0.266688,-0.196403
3,0.188496,0.344777,-0.0870914
4,0.251327,0.43245,-0.311382
5,0.314159,0.486063,-0.284525
6,0.376991,0.578206,-0.558426
7,0.439823,0.534816,-0.586246
8,0.502655,0.661366,-0.745213
9,0.565487,0.736903,-0.693373
