n,angular_velocity,amplitude,phase
0,8.28126,3.80977,0.505261
1,-7.08755,2.61382,9.2762
2,-1.53862,2.51134,1.18077
3,-6.25491,0.0660047,3.16705
4,4.00561,2.74156,3.1757
5,-5.8048,3.62493,6.81263
6,-0.715394,3.39436,2.06738
7,-5.92938,1.2113,3.69201
8,-4.25553,3.79736,2.38823
9,-7.34815,0.515609,8.27353
