n,angular_velocity,amplitude,phase
0,-3.75331,2.39695,7.80081
1,-8.43659,3.40944,5.84914
2,-7.55805,1.57679,7.80913
3,8.02774,3.70005,7.91948
4,-1.77796,1.26709,3.3253
5,9.33511,3.01689,4.24472
6,-3.21737,1.02095,5.16471
7,-7.75097,0.752671,8.92342
8,3.23248,3.70421,6.69939
9,-6.07648,1.97553,4.78411
