n,angular_velocity,amplitude,phase
0,-0.902785,3.07327,3.70411
1,9.14826,2.5875,5.95487
2,5.16425,2.40995,1.40374
3,1.17957,3.01626,5.14566
4,-8.93391,0.31906,4.36546
5,-6.28246,0.375837,8.04453
6,2.37911,0.37016,2.5697
7,-3.88744,1.26014,3.69896
8,-5.64729,0.595683,4.05058
9,4.29973,0.57616,1.07621
