n,angular_velocity,amplitude,phase
0,3.21939,0.59715,3.31753
1,-9.32714,0.657307,2.12455
2,-3.86984,0.330886,4.89726
3,-9.27205,2.51123,1.53147
4,8.52985,0.647761,6.14594
5,2.34412,3.43045,7.88009
6,-3.84343,3.82054,9.00201
7,0.178391,2.65737,7.1759
8,-5.28184,1.12232,6.26719
9,1.77972,3.36289,6.5339
