n,angular_velocity,amplitude,phase
0,0,93.0722,0
1,0.0628319,10.1612,2.60786
2,0.125664,11.9496,-1.78738
3,0.188496,1.45022,2.8582
4,0.251327,8.17171,1.2393
5,0.314159,4.41341,-1.86958
6,0.376991,4.62152,0.838098
7,0.439823,12.3516,2.52875
8,0.502655,9.08899,-2.30823
9,0.565487,6.37771,0.99917
