n,angular_velocity,amplitude,phase
0,0,25.9661,0
1,0.0628319,0.107843,2.98009
2,0.125664,1.35407,0.340576
3,0.188496,2.6101,2.8854
4,0.251327,4.54431,-0.109176
5,0.314159,5.06789,-1.0715
6,0.376991,1.99056,-2.282
7,0.439823,5.7715,-1.4306
8,0.502655,1.31512,0.410124
9,0.565487,3.29665,0.370275
