n,angular_velocity,amplitude,phase
0,0,23.4215,0
1,0.0628319,0.456046,2.16606
2,0.125664,0.278027,0.77304
3,0.188496,0.637769,1.38553
4,0.251327,1.39362,2.67733
5,0.314159,0.158812,1.36631
6,0.376991,0.301403,0.264293
7,0.439823,0.525075,0.26264
8,0.502655,1.06359,2.32156
9,0.565487,0.981548,-0.619258
